date,consumer_price,house_loan,building_space,interest_idx,housing_price
2008-01-01,83.295,107433.5,2450110,5.81,86.2
2008-02-01,83.530,106294.4,1564646,5.28,86.9
2008-03-01,84.076,106393.8,2308361,5.25,88.7
2008-04-01,84.466,107235.2,4426592,5.38,90.7
2008-05-01,85.013,107892.2,2764751,5.36,92.1
2008-06-01,85.403,108322.4,2328210,5.36,93.7
2008-07-01,85.949,109336.9,3706873,5.52,94.6
2008-08-01,85.872,109710.9,2765946,5.77,95.0
2008-09-01,86.106,110055.4,2274792,5.79,95.4
2008-10-01,86.184,110207.2,2587747,6.03,95.4
2008-11-01,86.028,110702.3,3469658,5.62,94.8
2008-12-01,86.184,111182.1,7814324,4.68,93.5
2009-01-01,86.418,112031.2,904537,3.22,92.8
2009-02-01,86.808,112388.7,1174718,2.70,92.7
2009-03-01,87.355,113018.5,1772973,2.45,92.6
2009-04-01,87.589,113246.2,1806060,2.42,92.8
2009-05-01,87.589,114235.4,1763833,2.41,92.9
2009-06-01,87.589,115443.3,3287041,2.41,93.2
2009-07-01,87.901,116903.6,2303239,2.41,93.9
2009-08-01,88.135,117591.7,3154749,2.48,94.4
2009-09-01,88.214,116951.9,4872123,2.64,95.5
2009-10-01,88.057,117460.4,2400028,2.79,95.9
2009-11-01,88.135,117896.0,3766780,2.79,96.0
2009-12-01,88.447,118429.8,14711344.1,2.82,96.1
2010-01-01,88.974,118215.3,1450384,2.88,96.2
2010-02-01,89.154,118481.4,1758272,2.88,96.4
2010-03-01,89.515,119222.8,3176281,2.83,96.5
2010-04-01,89.875,119864.2,3964877,2.51,96.5
2010-05-01,89.875,120493.6,5002321,2.45,96.2
2010-06-01,89.695,121130.5,3094576,2.45,96.0
2010-07-01,89.965,122113.4,2727988,2.58,95.7
2010-08-01,90.416,121812.7,2097611,2.63,95.3
2010-09-01,91.227,122165.4,2476765,2.66,95.1
2010-10-01,91.227,122853.2,2750731,2.66,95.0
2010-11-01,90.777,123508.1,6687698,2.73,95.0
2010-12-01,91.047,124107.3,16276236,2.80,95.0
2011-01-01,92.039,124710.3,3516173,2.93,95.2
2011-02-01,92.580,125280.3,2368383,3.13,95.4
2011-03-01,92.940,126216.0,3526572,3.35,95.6
2011-04-01,93.030,126822.7,5247208,3.40,95.7
2011-05-01,93.211,126687.8,4133207,3.46,95.9
2011-06-01,93.391,127018.0,3853649,3.53,95.8
2011-07-01,93.842,127536.8,4020599,3.59,95.8
2011-08-01,94.473,127651.6,6326208,3.59,95.9
2011-09-01,94.382,128044.9,5643380,3.58,95.9
2011-10-01,94.292,128497.6,5462021,3.58,95.9
2011-11-01,94.292,129001.2,3654836,3.56,95.8
2011-12-01,94.563,129389.5,8804754,3.55,95.7
2012-01-01,95.086,128780.1,3552949,3.55,95.5
2012-02-01,95.482,128685.7,3401704,3.53,95.4
2012-03-01,95.608,128734.1,4283486,3.54,95.1
2012-04-01,95.644,128727.8,4751129,3.54,94.6
2012-05-01,95.744,128511.4,4961001,3.54,94.2
2012-06-01,95.644,128578.4,4680642,3.54,93.8
2012-07-01,95.590,128199.5,4472888,3.34,93.3
2012-08-01,96.158,127699.1,3963046,3.19,92.8
2012-09-01,96.807,127010.2,5290110,3.14,92.3
2012-10-01,96.564,126580.8,4601583,2.93,91.9
2012-11-01,96.185,126096.5,4104397,2.85,91.6
2012-12-01,96.384,126569.8,11192992,2.88,91.1
2013-01-01,96.907,125883.7,2945686,2.86,90.7
2013-02-01,97.177,125338.6,2404310,2.83,90.4
2013-03-01,97.087,125078.4,3926408,2.81,90.3
2013-04-01,97.069,124678.2,3521984,2.80,90.3
2013-05-01,97.069,125056.8,3685630,2.72,90.5
2013-06-01,96.925,125500.5,3767757,2.69,90.3
2013-07-01,97.114,125437.8,4715541,2.68,89.9
2013-08-01,97.465,125667.6,3621269,2.66,89.5
2013-09-01,97.691,125556.5,3915858,2.66,89.5
2013-10-01,97.438,126081.0,3928986,2.66,89.8
2013-11-01,97.429,126408.4,6972515,2.65,89.9
2013-12-01,97.574,127035.2,6831807,2.65,89.8
2014-01-01,98.114,126949.9,2615653,2.65,90.0
2014-02-01,98.313,127728.2,7070212,2.65,90.3
2014-03-01,98.538,128438.2,4403977,2.65,90.5
2014-04-01,98.727,128399.9,5017842,2.65,90.4
2014-05-01,98.881,128903.2,4995748,2.65,90.4
2014-06-01,98.782,129784.1,5540901,2.65,90.3
2014-07-01,98.989,130921.4,5253200,2.65,90.3
2014-08-01,99.232,131869.6,6067172,2.52,90.3
2014-09-01,99.133,133147.8,4789876,2.35,90.5
2014-10-01,98.845,134970.1,5164423,2.21,90.8
2014-11-01,98.727,136373.7,4076561,2.14,90.9
2014-12-01,98.845,137629.0,5939491,2.13,90.9
2015-01-01,99.49,138052.9,3482658,2.13,90.9
2015-02-01,99.56,139228.2,4388918,2.12,91.1
2015-03-01,99.47,141060.9,6189392,1.95,91.4
2015-04-01,99.63,143806.2,6009986,1.81,91.9
2015-05-01,99.82,143928.8,6392792,1.80,92.3
2015-06-01,99.83,140432.2,6675859,1.70,92.8
2015-07-01,100.26,141387.3,12304982,1.65,93.1
2015-08-01,100.51,143353.1,8276454,1.64,93.5
2015-09-01,100.36,145157.6,9303357,1.60,93.9
2015-10-01,100.33,147568.3,7816784,1.58,94.3
2015-11-01,100.18,149085.7,6514316,1.59,94.8
2015-12-01,100.55,151157.6,8164539,1.67,95.0
2016-01-01,100.63,151897.6,5190141,1.67,95.1
2016-02-01,101.03,152080.1,6008538,1.64,95.1
2016-03-01,100.71,153160.2,7298340,1.63,95.1
2016-04-01,100.88,154391.2,7413836,1.61,95.2
2016-05-01,100.92,156076.0,6155742,1.58,95.3
2016-06-01,100.87,158001.3,7978843,1.43,95.5
2016-07-01,100.76,159624.8,7073180,1.36,95.7
2016-08-01,101.15,161830.8,6241777,1.35,96.0
2016-09-01,101.72,163200.0,5074992,1.34,96.2
2016-10-01,101.86,164916.1,6391882,1.35,96.6
2016-11-01,101.73,167171.7,6705028,1.42,97.0
2016-12-01,101.89,167875.7,6888164,1.54,97.1
2017-01-01,102.77,167698.8,4748526,1.50,97.1
2017-02-01,103.00,167852.0,5527846,1.49,97.1
2017-03-01,103.07,168377.3,5437407,1.48,97.3
2017-04-01,102.98,169036.1,4788919,1.43,97.5
2017-05-01,103.12,169838.4,6892649,1.39,97.8
2017-06-01,102.97,171044.5,7178232,1.38,98.5
2017-07-01,103.28,172570.4,5428766,1.39,98.9
2017-08-01,103.89,174607.2,5198270,1.39,99.3
2017-09-01,103.78,174828.7,6614051,1.38,99.4
2017-10-01,103.52,175427.9,6441970,1.38,99.6
2017-11-01,102.86,176351.5,5155183,1.45,100.0
2017-12-01,103.16,176991.0,6842949,1.66,100.6
2018-01-01,103.57,177280.4,4448283,1.66,101.5
2018-02-01,104.32,177150.8,4833860,1.65,102.4
2018-03-01,104.31,177624.2,4865006,1.65,103.0
2018-04-01,104.55,178078.0,5033825,1.65,103.3
2018-05-01,104.56,178762.9,4290317,1.65,103.5
2018-06-01,104.19,178960.1,5295291,1.65,103.8
2018-07-01,104.15,179277.6,6975897,1.65,104.1
2018-08-01,105.04,179981.4,4244820,1.65,104.7
2018-09-01,105.70,181251.5,3585511,1.65,106.0
2018-10-01,105.33,181938.7,3516177,1.68,106.6
2018-11-01,104.77,183394.7,5187897,1.71,106.8
2018-12-01,104.49,183858.0,5047837,1.91,106.8
2019-01-01,104.54,183577.9,3552547,1.87,106.6
2019-02-01,105.07,183974.3,4593642,1.87,106.4
2019-03-01,104.86,184496.7,4911563,1.90,106.2
2019-04-01,105.26,185582.2,3900806,1.86,106.0
2019-05-01,105.31,186359.3,3126135,1.84,105.9
2019-06-01,105.17,186961.8,3197949,1.80,105.9
2019-07-01,104.91,187995.3,3190741,1.68,105.9
2019-08-01,105.21,189603.0,3157155,1.49,106.1
2019-09-01,105.57,190097.9,3785213,1.54,106.3
2019-10-01,105.80,192231.8,4597541,1.46,106.7
2019-11-01,105.24,193327.0,3478660,1.52,107.3
2019-12-01,105.44,194201.6,4749904,1.53,108.2
2020-01-01,106.09,195176.2,2732217,1.47,108.5
2020-02-01,106.06,196654.8,3741499,1.42,108.7
2020-03-01,105.97,198287.6,3701165,1.23,108.9
2020-04-01,105.55,200025.0,3550142,1.10,108.8
2020-05-01,105.32,201328.2,3472225,1.02,108.7
2020-06-01,105.51,202582.3,3511037,0.79,108.9
2020-07-01,105.42,203613.0,4768495,0.79,109.7
2020-08-01,106.05,205553.4,3299859,0.68,110.1
2020-09-01,106.51,208142.8,4147499,0.63,110.4
2020-10-01,105.96,210849.4,4504672,0.63,110.6
2020-11-01,105.88,212534.2,3507700,0.66,110.8
2020-12-01,105.91,214865.7,5125668,0.66,111.1
2008-01-01,82.428,17387.6,2450110,5.81,67.5
2008-02-01,82.970,17216.0,1564646,5.28,67.6
2008-03-01,83.590,17271.7,2308361,5.25,67.8
2008-04-01,84.132,17417.0,4426592,5.38,68.1
2008-05-01,84.829,17367.6,2764751,5.36,68.3
2008-06-01,85.449,17417.8,2328210,5.36,68.6
2008-07-01,86.069,17451.2,3706873,5.52,68.9
2008-08-01,86.147,17555.2,2765946,5.77,69.1
2008-09-01,86.069,17593.1,2274792,5.79,69.4
2008-10-01,86.069,17612.7,2587747,6.03,69.6
2008-11-01,85.836,17761.9,3469658,5.62,69.6
2008-12-01,85.914,17872.1,7814324,4.68,69.6
2009-01-01,85.992,17861.5,904537,3.22,69.6
2009-02-01,86.611,17995.3,1174718,2.70,69.6
2009-03-01,87.231,18051.3,1772973,2.45,69.7
2009-04-01,87.464,18035.1,1806060,2.42,69.8
2009-05-01,87.464,18058.9,1763833,2.41,70.0
2009-06-01,87.309,18067.8,3287041,2.41,70.1
2009-07-01,87.773,18287.6,2303239,2.41,70.2
2009-08-01,88.083,18348.9,3154749,2.48,70.4
2009-09-01,88.083,18191.1,4872123,2.64,71.1
2009-10-01,87.929,18503.3,2400028,2.79,71.5
2009-11-01,88.160,18521.8,3766780,2.79,72.0
2009-12-01,88.393,18542.3,14711344.1,2.82,72.5
2010-01-01,89.047,18532.4,1450384,2.88,72.7
2010-02-01,89.318,18703.5,1758272,2.88,73.3
2010-03-01,89.589,18823.8,3176281,2.83,74.0
2010-04-01,89.859,18993.1,3964877,2.51,74.8
2010-05-01,89.949,19157.4,5002321,2.45,75.5
2010-06-01,89.769,19413.4,3094576,2.45,76.0
2010-07-01,90.040,19759.0,2727988,2.58,76.4
2010-08-01,90.491,19776.2,2097611,2.63,76.8
2010-09-01,91.122,20055.9,2476765,2.66,77.4
2010-10-01,91.393,20167.8,2750731,2.66,78.2
2010-11-01,90.852,20412.2,6687698,2.73,79.2
2010-12-01,91.393,20779.2,16276236,2.80,80.2
2011-01-01,92.566,20840.6,3516173,2.93,81.1
2011-02-01,93.288,21193.3,2368383,3.13,82.4
2011-03-01,93.558,21456.6,3526572,3.35,84.0
2011-04-01,93.829,21826.0,5247208,3.40,87.0
2011-05-01,93.919,22173.1,4133207,3.46,87.4
2011-06-01,94.009,22445.6,3853649,3.53,88.4
2011-07-01,94.460,22846.5,4020599,3.59,89.3
2011-08-01,95.182,23086.9,6326208,3.59,90.1
2011-09-01,95.002,23262.5,5643380,3.58,91.0
2011-10-01,94.912,23449.8,5462021,3.58,91.7
2011-11-01,95.002,23639.2,3654836,3.56,92.6
2011-12-01,95.363,24014.9,8804754,3.55,92.9
2012-01-01,95.696,24054.6,3552949,3.55,92.9
2012-02-01,96.202,24235.3,3401704,3.53,92.7
2012-03-01,96.265,24385.0,4283486,3.54,92.6
2012-04-01,96.319,24544.6,4751129,3.54,92.4
2012-05-01,96.527,24664.9,4961001,3.54,92.2
2012-06-01,96.310,24922.4,4680642,3.54,91.8
2012-07-01,96.084,25094.2,4472888,3.34,91.5
2012-08-01,96.481,25283.9,3963046,3.19,91.2
2012-09-01,97.248,25377.3,5290110,3.14,91.0
2012-10-01,97.149,25545.5,4601583,2.93,91.0
2012-11-01,96.869,25526.8,4104397,2.85,90.9
2012-12-01,97.014,26158.9,11192992,2.88,90.7
2013-01-01,97.717,26067.6,2945686,2.86,90.6
2013-02-01,98.051,26085.2,2404310,2.83,90.4
2013-03-01,97.997,26263.6,3926408,2.81,90.4
2013-04-01,97.735,26350.2,3521984,2.80,90.4
2013-05-01,97.735,26609.3,3685630,2.72,90.5
2013-06-01,97.546,27049.0,3767757,2.69,90.4
2013-07-01,97.708,27154.6,4715541,2.68,90.4
2013-08-01,98.078,27347.8,3621269,2.66,90.3
2013-09-01,98.349,27375.8,3915858,2.66,90.2
2013-10-01,98.060,27639.5,3928986,2.66,90.4
2013-11-01,98.042,27991.8,6972515,2.65,90.4
2013-12-01,98.232,28327.7,6831807,2.65,90.5
2014-01-01,98.818,28448.5,2615653,2.65,90.5
2014-02-01,99.116,28510.4,7070212,2.65,90.6
2014-03-01,99.260,28739.9,4403977,2.65,90.7
2014-04-01,99.197,28983.7,5017842,2.65,90.7
2014-05-01,99.269,29203.6,4995748,2.65,90.8
2014-06-01,99.107,29570.1,5540901,2.65,90.8
2014-07-01,99.179,29820.5,5253200,2.65,90.9
2014-08-01,99.459,29971.7,6067172,2.52,91.0
2014-09-01,99.468,30361.6,4789876,2.35,91.1
2014-10-01,99.170,30782.3,5164423,2.21,91.3
2014-11-01,99.026,31111.4,4076561,2.14,91.4
2014-12-01,98.944,31445.8,5939491,2.13,91.5
2015-01-01,99.92,31484.3,3482658,2.13,91.6
2015-02-01,99.82,31824.0,4388918,2.12,91.8
2015-03-01,99.86,31890.0,6189392,1.95,92.1
2015-04-01,99.90,32349.2,6009986,1.81,92.4
2015-05-01,100.09,32378.3,6392792,1.80,92.7
2015-06-01,100.10,31661.3,6675859,1.70,93.0
2015-07-01,100.11,31646.5,12304982,1.65,93.3
2015-08-01,100.21,32022.2,8276454,1.64,93.4
2015-09-01,99.95,32363.8,9303357,1.60,93.7
2015-10-01,100.08,32832.6,7816784,1.58,94.1
2015-11-01,99.81,33230.6,6514316,1.59,94.5
2015-12-01,100.14,33835.4,8164539,1.67,94.7
2016-01-01,100.34,33798.4,5190141,1.67,94.7
2016-02-01,101.12,33779.5,6008538,1.64,94.8
2016-03-01,100.86,33978.6,7298340,1.63,94.9
2016-04-01,101.09,34604.3,7413836,1.61,95.0
2016-05-01,101.16,35070.8,6155742,1.58,95.1
2016-06-01,101.04,35503.0,7978843,1.43,95.3
2016-07-01,100.73,35920.4,7073180,1.36,95.5
2016-08-01,101.01,36286.8,6241777,1.35,95.8
2016-09-01,101.63,36511.7,5074992,1.34,96.2
2016-10-01,101.82,36983.5,6391882,1.35,96.7
2016-11-01,101.61,37439.3,6705028,1.42,97.3
2016-12-01,101.78,37710.5,6888164,1.54,97.7
2017-01-01,102.64,37867.1,4748526,1.50,97.9
2017-02-01,102.92,38336.9,5527846,1.49,98.1
2017-03-01,102.85,38584.3,5437407,1.48,98.3
2017-04-01,102.76,38769.2,4788919,1.43,98.5
2017-05-01,103.00,39157.4,6892649,1.39,98.9
2017-06-01,102.59,39536.2,7178232,1.38,99.3
2017-07-01,102.69,39877.4,5428766,1.39,99.6
2017-08-01,103.21,40166.0,5198270,1.39,99.8
2017-09-01,103.57,40344.3,6614051,1.38,99.9
2017-10-01,103.69,40784.0,6441970,1.38,100.0
2017-11-01,102.84,41027.6,5155183,1.45,100.0
2017-12-01,103.08,41262.4,6842949,1.66,100.0
2018-01-01,103.58,41367.7,4448283,1.66,99.9
2018-02-01,104.43,41537.7,4833860,1.65,99.8
2018-03-01,104.46,41653.6,4865006,1.65,99.8
2018-04-01,104.76,41595.9,5033825,1.65,99.6
2018-05-01,104.59,41929.0,4290317,1.65,99.5
2018-06-01,104.43,42317.5,5295291,1.65,99.4
2018-07-01,104.13,42465.4,6975897,1.65,99.3
2018-08-01,104.98,42818.0,4244820,1.65,99.0
2018-09-01,105.96,43115.4,3585511,1.65,98.9
2018-10-01,106.15,43410.4,3516177,1.68,98.8
2018-11-01,105.15,43947.8,5187897,1.71,98.7
2018-12-01,104.79,44135.7,5047837,1.91,98.5
2019-01-01,104.89,44164.7,3552547,1.87,98.3
2019-02-01,105.26,44227.7,4593642,1.87,98.2
2019-03-01,105.08,44214.2,4911563,1.90,98.0
2019-04-01,105.38,44319.8,3900806,1.86,97.8
2019-05-01,105.36,44312.2,3126135,1.84,97.6
2019-06-01,105.29,44519.8,3197949,1.80,97.4
2019-07-01,105.02,44665.5,3190741,1.68,97.2
2019-08-01,105.15,45076.6,3157155,1.49,97.0
2019-09-01,105.76,45249.0,3785213,1.54,96.9
2019-10-01,105.70,45515.9,4597541,1.46,96.7
2019-11-01,105.21,45822.3,3478660,1.52,96.8
2019-12-01,105.39,45930.9,4749904,1.53,97.2
2020-01-01,105.92,45872.4,2732217,1.47,97.4
2020-02-01,105.93,45879.1,3741499,1.42,97.5
2020-03-01,105.63,46374.5,3701165,1.23,97.5
2020-04-01,105.14,46506.4,3550142,1.10,97.5
2020-05-01,104.93,46362.4,3472225,1.02,97.5
2020-06-01,104.97,46556.2,3511037,0.79,97.5
2020-07-01,104.93,46843.2,4768495,0.79,98.1
2020-08-01,105.56,47355.8,3299859,0.68,98.5
2020-09-01,106.10,48123.6,4147499,0.63,99.1
2020-10-01,105.57,48657.7,4504672,0.63,99.5
2020-11-01,105.43,49578.3,3507700,0.66,100.8
2020-12-01,105.61,50243.1,5125668,0.66,102.9
2008-01-01,83.198,12690.5,2450110,5.81,71.8
2008-02-01,83.667,12677.4,1564646,5.28,71.8
2008-03-01,84.370,12674.0,2308361,5.25,71.8
2008-04-01,85.074,12741.1,4426592,5.38,71.8
2008-05-01,85.777,12684.8,2764751,5.36,71.7
2008-06-01,86.480,12803.6,2328210,5.36,71.6
2008-07-01,87.182,12801.9,3706873,5.52,71.6
2008-08-01,87.105,12798.1,2765946,5.77,71.5
2008-09-01,86.792,12786.9,2274792,5.79,71.3
2008-10-01,86.636,12662.1,2587747,6.03,71.2
2008-11-01,86.245,12613.0,3469658,5.62,70.9
2008-12-01,86.167,12649.1,7814324,4.68,70.3
2009-01-01,86.167,12554.8,904537,3.22,69.8
2009-02-01,86.870,12502.4,1174718,2.70,69.3
2009-03-01,87.495,12452.2,1772973,2.45,69.1
2009-04-01,87.729,12385.8,1806060,2.42,68.9
2009-05-01,87.729,12509.8,1763833,2.41,68.9
2009-06-01,87.651,12575.7,3287041,2.41,68.8
2009-07-01,87.964,12498.7,2303239,2.41,68.9
2009-08-01,88.198,12567.6,3154749,2.48,68.9
2009-09-01,88.354,12601.8,4872123,2.64,69.1
2009-10-01,88.042,12661.8,2400028,2.79,69.2
2009-11-01,88.198,12677.5,3766780,2.79,69.4
2009-12-01,88.510,12784.0,14711344.1,2.82,69.5
2010-01-01,89.050,12732.8,1450384,2.88,69.5
2010-02-01,89.321,12732.7,1758272,2.88,69.6
2010-03-01,89.591,12743.4,3176281,2.83,69.6
2010-04-01,89.862,12764.9,3964877,2.51,69.8
2010-05-01,90.042,12820.1,5002321,2.45,69.8
2010-06-01,89.862,12811.7,3094576,2.45,69.8
2010-07-01,90.042,12909.7,2727988,2.58,69.8
2010-08-01,90.403,12851.7,2097611,2.63,69.9
2010-09-01,91.215,12892.2,2476765,2.66,70.0
2010-10-01,91.396,12948.8,2750731,2.66,70.1
2010-11-01,90.764,13016.7,6687698,2.73,70.4
2010-12-01,91.125,13030.1,16276236,2.80,70.6
2011-01-01,92.118,12952.9,3516173,2.93,70.8
2011-02-01,92.839,12994.1,2368383,3.13,71.3
2011-03-01,93.471,12927.3,3526572,3.35,72.0
2011-04-01,93.381,13075.7,5247208,3.40,72.8
2011-05-01,93.561,13176.4,4133207,3.46,72.9
2011-06-01,93.651,13257.8,3853649,3.53,73.5
2011-07-01,94.283,13393.9,4020599,3.59,74.0
2011-08-01,95.005,13470.1,6326208,3.59,74.5
2011-09-01,94.914,13549.0,5643380,3.58,75.2
2011-10-01,94.644,13708.4,5462021,3.58,75.7
2011-11-01,94.734,13837.5,3654836,3.56,76.5
2011-12-01,95.005,14000.8,8804754,3.55,76.9
2012-01-01,95.348,13940.5,3552949,3.55,78.1
2012-02-01,95.636,14047.8,3401704,3.53,78.4
2012-03-01,95.961,14078.7,4283486,3.54,78.8
2012-04-01,96.169,14203.6,4751129,3.54,79.1
2012-05-01,96.412,14257.9,4961001,3.54,79.3
2012-06-01,96.268,14366.0,4680642,3.54,79.4
2012-07-01,96.024,14393.8,4472888,3.34,79.4
2012-08-01,96.358,14512.2,3963046,3.19,79.7
2012-09-01,96.990,14597.2,5290110,3.14,79.8
2012-10-01,96.854,14648.8,4601583,2.93,80.0
2012-11-01,96.502,14722.1,4104397,2.85,80.2
2012-12-01,96.692,15108.7,11192992,2.88,80.7
2013-01-01,97.450,14981.6,2945686,2.86,81.1
2013-02-01,97.765,14935.2,2404310,2.83,81.3
2013-03-01,97.829,15098.2,3926408,2.81,81.5
2013-04-01,97.675,15207.0,3521984,2.80,82.2
2013-05-01,97.675,15299.8,3685630,2.72,82.8
2013-06-01,97.522,15606.7,3767757,2.69,83.6
2013-07-01,97.639,15671.6,4715541,2.68,84.5
2013-08-01,98.081,15787.9,3621269,2.66,85.1
2013-09-01,98.262,15961.8,3915858,2.66,85.5
2013-10-01,98.108,16088.1,3928986,2.66,86.1
2013-11-01,98.099,16297.9,6972515,2.65,86.8
2013-12-01,98.199,16645.9,6831807,2.65,87.8
2014-01-01,98.677,16702.0,2615653,2.65,88.9
2014-02-01,98.993,16882.8,7070212,2.65,89.5
2014-03-01,99.200,17092.0,4403977,2.65,90.0
2014-04-01,99.200,17388.1,5017842,2.65,90.4
2014-05-01,99.444,17570.8,4995748,2.65,90.8
2014-06-01,99.335,17898.8,5540901,2.65,90.9
2014-07-01,99.516,18256.6,5253200,2.65,91.1
2014-08-01,99.678,18669.5,6067172,2.52,91.4
2014-09-01,99.633,19046.9,4789876,2.35,91.8
2014-10-01,99.344,19449.0,5164423,2.21,92.2
2014-11-01,99.101,19846.6,4076561,2.14,92.8
2014-12-01,99.038,20211.0,5939491,2.13,93.3
2015-01-01,99.88,20432.7,3482658,2.13,93.8
2015-02-01,99.75,20825.5,4388918,2.12,94.2
2015-03-01,99.73,21111.6,6189392,1.95,94.7
2015-04-01,99.73,21569.4,6009986,1.81,95.5
2015-05-01,100.12,21906.1,6392792,1.80,96.3
2015-06-01,100.17,22086.1,6675859,1.70,97.1
2015-07-01,100.22,22283.4,12304982,1.65,97.9
2015-08-01,100.38,22763.1,8276454,1.64,98.7
2015-09-01,100.08,23044.8,9303357,1.60,99.6
2015-10-01,100.00,23521.9,7816784,1.58,100.3
2015-11-01,99.78,23817.7,6514316,1.59,100.8
2015-12-01,100.16,24307.2,8164539,1.67,100.8
2016-01-01,100.27,24533.5,5190141,1.67,100.6
2016-02-01,100.68,24700.0,6008538,1.64,100.4
2016-03-01,100.55,24857.3,7298340,1.63,100.2
2016-04-01,100.78,25164.3,7413836,1.61,100.0
2016-05-01,100.80,25455.1,6155742,1.58,99.9
2016-06-01,100.84,25713.4,7978843,1.43,99.6
2016-07-01,100.64,25808.3,7073180,1.36,99.4
2016-08-01,100.86,26019.0,6241777,1.35,99.2
2016-09-01,101.60,25675.9,5074992,1.34,99.1
2016-10-01,101.79,25735.1,6391882,1.35,99.0
2016-11-01,101.56,25775.9,6705028,1.42,99.0
2016-12-01,101.67,25830.8,6888164,1.54,98.9
2017-01-01,102.83,25711.3,4748526,1.50,98.9
2017-02-01,103.24,25783.5,5527846,1.49,98.8
2017-03-01,103.05,25843.4,5437407,1.48,98.7
2017-04-01,102.82,25984.1,4788919,1.43,98.7
2017-05-01,102.82,26061.0,6892649,1.39,98.6
2017-06-01,102.59,25978.4,7178232,1.38,98.6
2017-07-01,102.69,26019.3,5428766,1.39,98.7
2017-08-01,103.37,25912.8,5198270,1.39,99.1
2017-09-01,103.64,25924.0,6614051,1.38,99.5
2017-10-01,103.60,25946.9,6441970,1.38,99.7
2017-11-01,102.82,26073.4,5155183,1.45,100.0
2017-12-01,103.29,26119.1,6842949,1.66,100.2
2018-01-01,103.78,26190.5,4448283,1.66,100.5
2018-02-01,104.62,26378.4,4833860,1.65,100.6
2018-03-01,104.39,26653.0,4865006,1.65,100.8
2018-04-01,104.61,26570.3,5033825,1.65,101.2
2018-05-01,104.60,26434.1,4290317,1.65,101.4
2018-06-01,104.39,26524.1,5295291,1.65,101.6
2018-07-01,104.24,26503.6,6975897,1.65,101.7
2018-08-01,105.36,26664.3,4244820,1.65,101.9
2018-09-01,106.07,26624.5,3585511,1.65,102.3
2018-10-01,106.09,26811.7,3516177,1.68,102.8
2018-11-01,105.24,27027.8,5187897,1.71,103.4
2018-12-01,104.82,27096.9,5047837,1.91,103.9
2019-01-01,104.61,27241.7,3552547,1.87,104.0
2019-02-01,105.12,27196.1,4593642,1.87,104.1
2019-03-01,104.94,27379.6,4911563,1.90,104.1
2019-04-01,105.64,27409.1,3900806,1.86,104.2
2019-05-01,105.88,27525.0,3126135,1.84,104.2
2019-06-01,105.76,27565.2,3197949,1.80,104.3
2019-07-01,105.35,27735.0,3190741,1.68,104.3
2019-08-01,105.63,28068.4,3157155,1.49,104.3
2019-09-01,106.05,28397.2,3785213,1.54,104.4
2019-10-01,106.32,28404.4,4597541,1.46,104.6
2019-11-01,105.58,28413.3,3478660,1.52,104.8
2019-12-01,105.75,28333.3,4749904,1.53,105.1
2020-01-01,106.25,28341.9,2732217,1.47,105.5
2020-02-01,106.33,28308.8,3741499,1.42,105.8
2020-03-01,106.09,28429.1,3701165,1.23,105.9
2020-04-01,105.28,28633.5,3550142,1.10,105.8
2020-05-01,104.90,28724.6,3472225,1.02,105.8
2020-06-01,105.08,29016.9,3511037,0.79,106.0
2020-07-01,105.08,29009.9,4768495,0.79,106.3
2020-08-01,105.81,29132.3,3299859,0.68,106.8
2020-09-01,106.81,29399.2,4147499,0.63,107.6
2020-10-01,106.32,29733.6,4504672,0.63,108.4
2020-11-01,106.09,30355.7,3507700,0.66,109.5
2020-12-01,106.28,30514.7,5125668,0.66,111.3
2008-01-01,84.089,18567.1,2450110,5.81,83.7
2008-02-01,84.325,18633.6,1564646,5.28,84.4
2008-03-01,85.347,18641.9,2308361,5.25,86.3
2008-04-01,85.977,18663.5,4426592,5.38,87.9
2008-05-01,86.527,18771.8,2764751,5.36,90.6
2008-06-01,87.078,18853.2,2328210,5.36,93.5
2008-07-01,87.707,18942.0,3706873,5.52,96.7
2008-08-01,87.550,19028.7,2765946,5.77,99.1
2008-09-01,87.628,19156.5,2274792,5.79,101.6
2008-10-01,87.393,19289.9,2587747,6.03,102.1
2008-11-01,87.078,19327.3,3469658,5.62,102.2
2008-12-01,86.999,19567.7,7814324,4.68,101.7
2009-01-01,87.235,19710.0,904537,3.22,101.1
2009-02-01,87.786,20204.3,1174718,2.70,100.6
2009-03-01,88.573,20519.7,1772973,2.45,100.4
2009-04-01,88.808,20678.1,1806060,2.42,100.1
2009-05-01,88.651,20885.8,1763833,2.41,100.1
2009-06-01,88.651,21448.2,3287041,2.41,100.4
2009-07-01,89.044,21819.9,2303239,2.41,100.4
2009-08-01,89.359,22319.3,3154749,2.48,100.6
2009-09-01,89.281,22368.9,4872123,2.64,101.3
2009-10-01,89.123,22695.3,2400028,2.79,101.7
2009-11-01,89.281,22944.9,3766780,2.79,101.8
2009-12-01,89.595,23204.3,14711344.1,2.82,101.7
2010-01-01,90.319,23240.9,1450384,2.88,101.8
2010-02-01,90.593,23505.0,1758272,2.88,101.8
2010-03-01,90.777,23842.3,3176281,2.83,101.8
2010-04-01,91.235,24092.5,3964877,2.51,101.7
2010-05-01,91.326,24323.3,5002321,2.45,101.4
2010-06-01,91.235,24694.1,3094576,2.45,101.2
2010-07-01,91.509,24966.1,2727988,2.58,100.8
2010-08-01,91.876,25130.0,2097611,2.63,100.5
2010-09-01,92.700,25496.0,2476765,2.66,100.2
2010-10-01,92.792,25910.5,2750731,2.66,100.1
2010-11-01,92.242,26228.4,6687698,2.73,100.0
2010-12-01,92.517,26678.5,16276236,2.80,99.9
2011-01-01,93.433,26810.1,3516173,2.93,99.9
2011-02-01,93.983,27127.7,2368383,3.13,100.0
2011-03-01,94.166,27507.8,3526572,3.35,100.2
2011-04-01,94.074,27893.6,5247208,3.40,100.3
2011-05-01,94.257,28320.3,4133207,3.46,100.2
2011-06-01,94.532,28655.9,3853649,3.53,100.0
2011-07-01,94.990,28923.0,4020599,3.59,99.8
2011-08-01,95.631,29062.7,6326208,3.59,99.5
2011-09-01,95.357,29251.6,5643380,3.58,99.3
2011-10-01,95.173,29470.4,5462021,3.58,98.9
2011-11-01,95.357,29565.7,3654836,3.56,98.6
2011-12-01,95.723,29715.5,8804754,3.55,98.4
2012-01-01,96.218,29672.7,3552949,3.55,98.2
2012-02-01,96.529,29670.8,3401704,3.53,98.1
2012-03-01,96.410,29680.4,4283486,3.54,97.9
2012-04-01,96.126,29731.5,4751129,3.54,97.8
2012-05-01,96.300,29769.7,4961001,3.54,97.4
2012-06-01,96.337,29879.0,4680642,3.54,97.0
2012-07-01,96.273,29937.9,4472888,3.34,96.5
2012-08-01,96.612,29994.4,3963046,3.19,96.0
2012-09-01,97.207,29967.4,5290110,3.14,95.6
2012-10-01,97.179,29888.1,4601583,2.93,95.1
2012-11-01,96.905,29808.2,4104397,2.85,94.7
2012-12-01,97.124,29976.4,11192992,2.88,94.1
2013-01-01,97.500,29671.2,2945686,2.86,93.5
2013-02-01,97.802,29436.9,2404310,2.83,93.0
2013-03-01,97.628,29493.6,3926408,2.81,92.6
2013-04-01,97.463,29408.5,3521984,2.80,92.8
2013-05-01,97.482,29478.2,3685630,2.72,92.8
2013-06-01,97.445,29465.8,3767757,2.69,92.8
2013-07-01,97.454,29285.1,4715541,2.68,92.7
2013-08-01,97.775,29129.5,3621269,2.66,92.6
2013-09-01,97.986,29056.8,3915858,2.66,92.6
2013-10-01,97.711,28992.4,3928986,2.66,92.9
2013-11-01,97.738,29109.5,6972515,2.65,93.2
2013-12-01,97.793,29202.1,6831807,2.65,93.3
2014-01-01,98.462,29179.3,2615653,2.65,93.3
2014-02-01,98.737,29035.4,7070212,2.65,93.5
2014-03-01,98.957,28952.8,4403977,2.65,93.8
2014-04-01,98.947,28937.6,5017842,2.65,93.9
2014-05-01,99.231,29041.6,4995748,2.65,94.0
2014-06-01,99.085,29111.7,5540901,2.65,93.9
2014-07-01,99.140,29180.0,5253200,2.65,94.0
2014-08-01,99.360,29536.1,6067172,2.52,94.0
2014-09-01,99.286,29780.0,4789876,2.35,94.2
2014-10-01,99.112,29968.4,5164423,2.21,94.4
2014-11-01,98.938,30240.0,4076561,2.14,94.6
2014-12-01,98.966,30559.8,5939491,2.13,94.7
2015-01-01,99.71,30553.2,3482658,2.13,94.7
2015-02-01,99.80,30671.2,4388918,2.12,94.9
2015-03-01,99.83,30720.2,6189392,1.95,95.2
2015-04-01,99.79,31142.8,6009986,1.81,95.7
2015-05-01,100.00,30891.2,6392792,1.80,96.1
2015-06-01,100.03,29416.8,6675859,1.70,96.5
2015-07-01,100.22,29075.8,12304982,1.65,96.8
2015-08-01,100.34,29462.5,8276454,1.64,97.0
2015-09-01,100.11,29845.0,9303357,1.60,97.2
2015-10-01,100.12,30213.0,7816784,1.58,97.5
2015-11-01,99.86,30469.7,6514316,1.59,97.7
2015-12-01,100.17,30812.4,8164539,1.67,97.8
2016-01-01,100.45,30781.8,5190141,1.67,97.9
2016-02-01,100.78,30885.8,6008538,1.64,97.8
2016-03-01,100.49,31088.5,7298340,1.63,97.8
2016-04-01,100.69,31542.2,7413836,1.61,97.8
2016-05-01,100.63,31919.3,6155742,1.58,97.9
2016-06-01,100.65,32283.5,7978843,1.43,98.0
2016-07-01,100.44,32939.2,7073180,1.36,98.1
2016-08-01,100.68,33510.4,6241777,1.35,98.2
2016-09-01,101.21,33945.1,5074992,1.34,98.3
2016-10-01,101.40,34263.1,6391882,1.35,98.4
2016-11-01,101.36,34613.1,6705028,1.42,98.5
2016-12-01,101.47,34779.3,6888164,1.54,98.6
2017-01-01,102.52,34528.8,4748526,1.50,98.6
2017-02-01,102.75,34690.9,5527846,1.49,98.5
2017-03-01,102.65,34972.9,5437407,1.48,98.6
2017-04-01,102.49,35210.9,4788919,1.43,98.6
2017-05-01,102.62,35638.0,6892649,1.39,98.7
2017-06-01,102.49,35784.7,7178232,1.38,98.8
2017-07-01,102.56,36190.0,5428766,1.39,99.0
2017-08-01,103.11,36385.6,5198270,1.39,99.3
2017-09-01,103.29,36967.8,6614051,1.38,99.6
2017-10-01,103.23,37184.7,6441970,1.38,99.8
2017-11-01,102.54,37317.8,5155183,1.45,100.0
2017-12-01,102.94,37531.0,6842949,1.66,100.0
2018-01-01,103.47,37507.4,4448283,1.66,100.0
2018-02-01,104.27,37597.5,4833860,1.65,100.1
2018-03-01,104.08,37721.1,4865006,1.65,100.2
2018-04-01,104.25,37709.1,5033825,1.65,100.2
2018-05-01,104.34,37784.0,4290317,1.65,100.2
2018-06-01,104.23,37760.9,5295291,1.65,100.2
2018-07-01,103.90,37854.8,6975897,1.65,100.1
2018-08-01,104.68,37893.2,4244820,1.65,99.9
2018-09-01,105.51,37812.7,3585511,1.65,99.9
2018-10-01,105.31,37861.8,3516177,1.68,100.1
2018-11-01,104.71,38271.3,5187897,1.71,100.4
2018-12-01,104.41,38753.6,5047837,1.91,100.7
2019-01-01,104.16,38904.8,3552547,1.87,100.7
2019-02-01,104.55,39038.5,4593642,1.87,100.6
2019-03-01,104.36,39091.6,4911563,1.90,100.6
2019-04-01,104.70,39337.0,3900806,1.86,100.5
2019-05-01,104.83,39821.4,3126135,1.84,100.5
2019-06-01,104.64,40063.7,3197949,1.80,100.5
2019-07-01,104.45,40474.9,3190741,1.68,100.4
2019-08-01,104.64,40725.9,3157155,1.49,100.3
2019-09-01,105.09,41026.6,3785213,1.54,100.5
2019-10-01,105.27,41309.7,4597541,1.46,100.6
2019-11-01,104.76,41560.2,3478660,1.52,100.9
2019-12-01,105.03,41539.3,4749904,1.53,101.3
2020-01-01,105.77,41333.3,2732217,1.47,101.5
2020-02-01,105.79,41189.6,3741499,1.42,101.9
2020-03-01,105.50,41436.7,3701165,1.23,103.5
2020-04-01,105.00,41738.6,3550142,1.10,104.6
2020-05-01,104.87,41995.7,3472225,1.02,105.2
2020-06-01,105.09,42001.7,3511037,0.79,106.1
2020-07-01,105.15,42132.2,4768495,0.79,106.5
2020-08-01,105.59,42790.1,3299859,0.68,106.7
2020-09-01,106.40,43039.7,4147499,0.63,107.0
2020-10-01,105.81,43335.4,4504672,0.63,107.2
2020-11-01,105.62,43690.7,3507700,0.66,107.6
2020-12-01,105.74,44009.7,5125668,0.66,108.2
2008-01-01,84.389,5536.0,2450110,5.81,74.4
2008-02-01,84.783,5619.1,1564646,5.28,74.4
2008-03-01,85.493,5703.7,2308361,5.25,74.5
2008-04-01,85.967,5791.7,4426592,5.38,74.8
2008-05-01,86.755,5879.2,2764751,5.36,75.1
2008-06-01,87.386,5992.5,2328210,5.36,75.3
2008-07-01,88.017,6127.6,3706873,5.52,75.3
2008-08-01,87.859,6197.1,2765946,5.77,75.4
2008-09-01,87.702,6250.8,2274792,5.79,75.6
2008-10-01,87.544,6286.6,2587747,6.03,75.6
2008-11-01,87.071,6312.5,3469658,5.62,75.6
2008-12-01,86.992,6302.3,7814324,4.68,75.4
2009-01-01,87.228,6261.2,904537,3.22,75.2
2009-02-01,87.938,6165.6,1174718,2.70,75.2
2009-03-01,88.490,6207.1,1772973,2.45,75.0
2009-04-01,88.806,6385.3,1806060,2.42,75.0
2009-05-01,88.806,6493.1,1763833,2.41,74.8
2009-06-01,88.727,6573.0,3287041,2.41,74.8
2009-07-01,89.200,6691.9,2303239,2.41,74.7
2009-08-01,89.437,6723.3,3154749,2.48,74.7
2009-09-01,89.594,6804.5,4872123,2.64,74.8
2009-10-01,89.200,6753.4,2400028,2.79,74.8
2009-11-01,89.279,6794.6,3766780,2.79,74.8
2009-12-01,89.516,6912.5,14711344.1,2.82,74.9
2010-01-01,90.187,6911.6,1450384,2.88,74.9
2010-02-01,90.461,6946.6,1758272,2.88,75.0
2010-03-01,90.827,6968.9,3176281,2.83,75.0
2010-04-01,91.102,7071.8,3964877,2.51,75.0
2010-05-01,91.193,7232.6,5002321,2.45,75.2
2010-06-01,91.193,7335.2,3094576,2.45,75.2
2010-07-01,91.468,7445.0,2727988,2.58,75.1
2010-08-01,91.833,7553.4,2097611,2.63,75.2
2010-09-01,92.565,7626.5,2476765,2.66,75.3
2010-10-01,92.657,7743.8,2750731,2.66,75.5
2010-11-01,91.833,7850.2,6687698,2.73,75.8
2010-12-01,92.291,7921.2,16276236,2.80,76.3
2011-01-01,93.480,7941.2,3516173,2.93,76.7
2011-02-01,94.212,8017.9,2368383,3.13,77.8
2011-03-01,94.486,8175.3,3526572,3.35,79.0
2011-04-01,94.577,8309.7,5247208,3.40,81.0
2011-05-01,94.760,8369.6,4133207,3.46,81.5
2011-06-01,94.943,8408.6,3853649,3.53,82.8
2011-07-01,95.401,8438.6,4020599,3.59,84.0
2011-08-01,96.132,8565.7,6326208,3.59,85.1
2011-09-01,96.224,8612.6,5643380,3.58,86.6
2011-10-01,96.041,8717.7,5462021,3.58,87.4
2011-11-01,95.950,8783.0,3654836,3.56,88.0
2011-12-01,96.132,9013.9,8804754,3.55,88.3
2012-01-01,96.544,9075.6,3552949,3.55,89.0
2012-02-01,96.764,9132.2,3401704,3.53,89.0
2012-03-01,96.800,9197.6,4283486,3.54,89.4
2012-04-01,96.782,9253.5,4751129,3.54,89.6
2012-05-01,96.855,9331.5,4961001,3.54,90.1
2012-06-01,96.654,9425.4,4680642,3.54,90.5
2012-07-01,96.398,9440.4,4472888,3.34,90.7
2012-08-01,96.837,9462.2,3963046,3.19,90.6
2012-09-01,97.642,9444.3,5290110,3.14,90.6
2012-10-01,97.340,9421.6,4601583,2.93,90.6
2012-11-01,96.992,9411.3,4104397,2.85,90.7
2012-12-01,97.148,9537.4,11192992,2.88,90.9
2013-01-01,97.751,9457.8,2945686,2.86,90.9
2013-02-01,98.008,9507.2,2404310,2.83,90.9
2013-03-01,97.962,9552.3,3926408,2.81,91.1
2013-04-01,97.916,9514.5,3521984,2.80,91.3
2013-05-01,97.889,9651.8,3685630,2.72,91.4
2013-06-01,97.761,9717.6,3767757,2.69,91.5
2013-07-01,97.998,9759.4,4715541,2.68,91.5
2013-08-01,98.483,9859.7,3621269,2.66,91.4
2013-09-01,98.694,9884.8,3915858,2.66,91.4
2013-10-01,98.355,9815.9,3928986,2.66,91.5
2013-11-01,98.410,9945.7,6972515,2.65,91.6
2013-12-01,98.547,10111.4,6831807,2.65,91.6
2014-01-01,99.087,10000.6,2615653,2.65,91.7
2014-02-01,99.416,9986.2,7070212,2.65,91.8
2014-03-01,99.791,10002.4,4403977,2.65,91.9
2014-04-01,99.873,10063.0,5017842,2.65,92.0
2014-05-01,99.965,10079.5,4995748,2.65,92.1
2014-06-01,99.855,10158.7,5540901,2.65,92.1
2014-07-01,99.974,10269.1,5253200,2.65,92.2
2014-08-01,100.075,10337.0,6067172,2.52,92.3
2014-09-01,100.084,10466.5,4789876,2.35,92.4
2014-10-01,99.663,10543.6,5164423,2.21,92.6
2014-11-01,99.434,10605.2,4076561,2.14,92.7
2014-12-01,99.453,10741.3,5939491,2.13,93.0
2015-01-01,100.08,10750.4,3482658,2.13,93.2
2015-02-01,99.92,10856.2,4388918,2.12,93.5
2015-03-01,99.83,10964.4,6189392,1.95,94.0
2015-04-01,99.77,11174.1,6009986,1.81,95.0
2015-05-01,100.14,11160.2,6392792,1.80,95.6
2015-06-01,100.19,11207.2,6675859,1.70,96.2
2015-07-01,100.12,11129.8,12304982,1.65,96.7
2015-08-01,100.17,11203.2,8276454,1.64,97.0
2015-09-01,99.83,11321.1,9303357,1.60,97.3
2015-10-01,100.12,11532.8,7816784,1.58,97.7
2015-11-01,99.79,11708.1,6514316,1.59,98.2
2015-12-01,100.05,12001.7,8164539,1.67,98.4
2016-01-01,100.11,12074.0,5190141,1.67,98.5
2016-02-01,100.59,12113.8,6008538,1.64,98.5
2016-03-01,100.41,12144.8,7298340,1.63,98.5
2016-04-01,100.58,12401.9,7413836,1.61,98.7
2016-05-01,100.69,12505.1,6155742,1.58,98.7
2016-06-01,100.75,12642.8,7978843,1.43,98.6
2016-07-01,100.59,12830.4,7073180,1.36,98.6
2016-08-01,100.87,12935.1,6241777,1.35,98.5
2016-09-01,101.55,13042.2,5074992,1.34,98.5
2016-10-01,101.71,13119.6,6391882,1.35,98.6
2016-11-01,101.51,13269.3,6705028,1.42,98.6
2016-12-01,101.65,13510.2,6888164,1.54,98.7
2017-01-01,102.77,13398.9,4748526,1.50,98.8
2017-02-01,103.22,13359.0,5527846,1.49,98.8
2017-03-01,103.00,13424.9,5437407,1.48,98.9
2017-04-01,102.79,13388.6,4788919,1.43,98.9
2017-05-01,102.95,13428.4,6892649,1.39,99.0
2017-06-01,102.79,13440.8,7178232,1.38,99.1
2017-07-01,102.78,13414.7,5428766,1.39,99.3
2017-08-01,103.35,13554.7,5198270,1.39,99.5
2017-09-01,103.48,13671.8,6614051,1.38,99.7
2017-10-01,103.48,13710.6,6441970,1.38,99.9
2017-11-01,102.77,13853.3,5155183,1.45,100.0
2017-12-01,102.96,13956.7,6842949,1.66,100.1
2018-01-01,103.33,14079.6,4448283,1.66,100.2
2018-02-01,104.10,14092.1,4833860,1.65,100.4
2018-03-01,103.82,14140.3,4865006,1.65,100.6
2018-04-01,104.07,14224.0,5033825,1.65,100.8
2018-05-01,104.21,14293.7,4290317,1.65,101.0
2018-06-01,104.12,14235.0,5295291,1.65,101.1
2018-07-01,103.86,14333.5,6975897,1.65,101.4
2018-08-01,104.43,14511.3,4244820,1.65,101.7
2018-09-01,105.33,14579.6,3585511,1.65,102.4
2018-10-01,105.22,14663.8,3516177,1.68,103.0
2018-11-01,104.37,14835.0,5187897,1.71,103.5
2018-12-01,104.00,14942.5,5047837,1.91,103.9
2019-01-01,103.87,14963.6,3552547,1.87,104.1
2019-02-01,104.22,15078.1,4593642,1.87,104.3
2019-03-01,104.01,15170.4,4911563,1.90,104.3
2019-04-01,104.42,15223.7,3900806,1.86,104.4
2019-05-01,104.75,15239.2,3126135,1.84,104.4
2019-06-01,104.47,15361.5,3197949,1.80,104.3
2019-07-01,104.13,15540.5,3190741,1.68,104.3
2019-08-01,104.36,15618.0,3157155,1.49,104.3
2019-09-01,104.81,15765.2,3785213,1.54,104.3
2019-10-01,105.15,15872.8,4597541,1.46,104.3
2019-11-01,104.65,16062.4,3478660,1.52,104.4
2019-12-01,104.78,16140.9,4749904,1.53,104.5
2020-01-01,105.42,16261.7,2732217,1.47,104.6
2020-02-01,105.53,15995.9,3741499,1.42,104.8
2020-03-01,105.15,16123.5,3701165,1.23,104.8
2020-04-01,104.50,16291.1,3550142,1.10,104.9
2020-05-01,104.49,16585.7,3472225,1.02,104.9
2020-06-01,104.43,16482.2,3511037,0.79,104.9
2020-07-01,104.30,16801.8,4768495,0.79,104.9
2020-08-01,104.96,16886.7,3299859,0.68,105.0
2020-09-01,105.49,17076.7,4147499,0.63,105.1
2020-10-01,104.96,17169.7,4504672,0.63,105.2
2020-11-01,104.71,17488.1,3507700,0.66,105.4
2020-12-01,105.17,17714.6,5125668,0.66,106.5
2008-01-01,84.717,6962.8,2450110,5.81,77.9
2008-02-01,85.113,6973.9,1564646,5.28,77.9
2008-03-01,85.826,6973.1,2308361,5.25,78.0
2008-04-01,86.460,6998.8,4426592,5.38,78.2
2008-05-01,87.332,7005.5,2764751,5.36,78.2
2008-06-01,88.045,7048.3,2328210,5.36,78.3
2008-07-01,88.600,7062.8,3706873,5.52,78.6
2008-08-01,88.362,7096.1,2765946,5.77,78.8
2008-09-01,88.204,7096.4,2274792,5.79,79.0
2008-10-01,88.045,7122.5,2587747,6.03,79.0
2008-11-01,87.808,7124.8,3469658,5.62,79.0
2008-12-01,87.728,7185.0,7814324,4.68,78.9
2009-01-01,87.491,7154.4,904537,3.22,78.9
2009-02-01,88.204,7200.9,1174718,2.70,78.9
2009-03-01,88.996,7212.0,1772973,2.45,78.9
2009-04-01,89.155,7246.6,1806060,2.42,78.9
2009-05-01,89.075,7296.8,1763833,2.41,79.1
2009-06-01,89.075,7348.2,3287041,2.41,79.3
2009-07-01,89.472,7384.6,2303239,2.41,79.6
2009-08-01,89.630,7488.3,3154749,2.48,80.0
2009-09-01,89.709,7497.5,4872123,2.64,80.8
2009-10-01,89.472,7557.4,2400028,2.79,81.4
2009-11-01,89.709,7627.7,3766780,2.79,82.0
2009-12-01,90.026,7692.1,14711344.1,2.82,82.6
2010-01-01,90.707,7702.9,1450384,2.88,83.1
2010-02-01,90.799,7773.5,1758272,2.88,83.9
2010-03-01,90.983,7825.7,3176281,2.83,84.3
2010-04-01,91.534,7918.1,3964877,2.51,84.8
2010-05-01,91.626,7998.0,5002321,2.45,85.4
2010-06-01,91.534,8076.5,3094576,2.45,85.6
2010-07-01,91.718,8187.3,2727988,2.58,85.8
2010-08-01,92.270,8191.9,2097611,2.63,86.2
2010-09-01,92.913,8228.7,2476765,2.66,86.6
2010-10-01,93.005,8322.3,2750731,2.66,87.2
2010-11-01,92.637,8504.2,6687698,2.73,88.0
2010-12-01,93.005,8719.5,16276236,2.80,88.9
2011-01-01,94.108,8761.0,3516173,2.93,89.8
2011-02-01,94.935,8885.6,2368383,3.13,91.3
2011-03-01,95.486,8961.5,3526572,3.35,92.7
2011-04-01,95.578,9049.6,5247208,3.40,94.2
2011-05-01,95.578,9166.1,4133207,3.46,93.4
2011-06-01,95.578,9340.5,3853649,3.53,95.2
2011-07-01,96.313,9513.2,4020599,3.59,96.6
2011-08-01,96.957,9704.1,6326208,3.59,97.8
2011-09-01,96.865,9808.4,5643380,3.58,99.0
2011-10-01,96.681,10123.8,5462021,3.58,99.8
2011-11-01,96.865,10247.6,3654836,3.56,100.0
2011-12-01,97.232,10582.0,8804754,3.55,99.9
2012-01-01,97.802,10591.0,3552949,3.55,99.6
2012-02-01,98.004,10498.3,3401704,3.53,99.3
2012-03-01,97.894,10532.3,4283486,3.54,99.2
2012-04-01,97.774,10579.5,4751129,3.54,98.9
2012-05-01,97.921,10619.2,4961001,3.54,98.7
2012-06-01,97.719,10715.2,4680642,3.54,98.1
2012-07-01,97.490,10696.4,4472888,3.34,97.6
2012-08-01,97.830,10913.3,3963046,3.19,97.0
2012-09-01,98.482,10950.2,5290110,3.14,96.9
2012-10-01,98.289,10966.4,4601583,2.93,96.9
2012-11-01,97.903,10999.7,4104397,2.85,97.1
2012-12-01,98.050,11136.4,11192992,2.88,97.1
2013-01-01,98.767,11083.6,2945686,2.86,97.2
2013-02-01,98.932,11177.6,2404310,2.83,97.1
2013-03-01,98.859,11257.4,3926408,2.81,97.1
2013-04-01,98.666,11300.4,3521984,2.80,97.3
2013-05-01,98.730,11419.4,3685630,2.72,97.4
2013-06-01,98.693,11661.2,3767757,2.69,97.4
2013-07-01,98.951,11670.6,4715541,2.68,97.2
2013-08-01,99.272,11698.3,3621269,2.66,96.9
2013-09-01,99.245,11809.5,3915858,2.66,96.9
2013-10-01,98.942,11909.3,3928986,2.66,97.1
2013-11-01,98.831,12066.6,6972515,2.65,97.2
2013-12-01,98.859,12172.7,6831807,2.65,97.4
2014-01-01,99.355,12174.0,2615653,2.65,97.7
2014-02-01,99.723,12256.9,7070212,2.65,97.7
2014-03-01,99.888,12363.0,4403977,2.65,97.7
2014-04-01,99.851,12419.6,5017842,2.65,97.7
2014-05-01,100.155,12472.4,4995748,2.65,97.5
2014-06-01,100.063,12608.8,5540901,2.65,97.5
2014-07-01,100.017,12693.2,5253200,2.65,97.5
2014-08-01,100.035,12817.2,6067172,2.52,97.5
2014-09-01,99.980,12885.1,4789876,2.35,97.7
2014-10-01,99.732,12944.5,5164423,2.21,97.9
2014-11-01,99.429,13002.9,4076561,2.14,98.0
2014-12-01,99.392,13067.0,5939491,2.13,98.0
2015-01-01,99.80,13027.1,3482658,2.13,98.0
2015-02-01,99.70,13088.6,4388918,2.12,98.1
2015-03-01,99.71,13163.3,6189392,1.95,98.2
2015-04-01,99.63,13349.1,6009986,1.81,98.2
2015-05-01,99.95,13290.1,6392792,1.80,98.3
2015-06-01,100.05,12809.7,6675859,1.70,98.3
2015-07-01,100.24,12757.0,12304982,1.65,98.2
2015-08-01,100.40,13130.6,8276454,1.64,98.2
2015-09-01,100.17,12943.8,9303357,1.60,98.2
2015-10-01,100.04,13101.2,7816784,1.58,98.3
2015-11-01,99.99,13103.6,6514316,1.59,98.4
2015-12-01,100.31,13254.4,8164539,1.67,98.3
2016-01-01,100.42,13256.1,5190141,1.67,98.3
2016-02-01,100.77,13210.6,6008538,1.64,98.3
2016-03-01,100.41,13330.5,7298340,1.63,98.3
2016-04-01,100.50,13330.0,7413836,1.61,98.3
2016-05-01,100.63,13386.7,6155742,1.58,98.3
2016-06-01,100.57,13507.5,7978843,1.43,98.3
2016-07-01,100.28,13695.6,7073180,1.36,98.3
2016-08-01,100.44,13748.2,6241777,1.35,98.4
2016-09-01,100.90,13735.5,5074992,1.34,98.4
2016-10-01,101.11,13857.5,6391882,1.35,98.4
2016-11-01,101.03,14014.2,6705028,1.42,98.5
2016-12-01,101.07,14055.0,6888164,1.54,98.6
2017-01-01,102.11,14045.0,4748526,1.50,98.7
2017-02-01,102.40,14109.0,5527846,1.49,98.8
2017-03-01,102.28,14152.7,5437407,1.48,98.9
2017-04-01,102.23,14040.6,4788919,1.43,99.0
2017-05-01,102.31,14126.4,6892649,1.39,99.0
2017-06-01,102.08,14160.8,7178232,1.38,99.0
2017-07-01,102.22,14262.0,5428766,1.39,99.1
2017-08-01,102.65,14278.1,5198270,1.39,99.4
2017-09-01,102.90,14443.5,6614051,1.38,99.5
2017-10-01,102.78,14540.7,6441970,1.38,99.7
2017-11-01,101.93,14580.5,5155183,1.45,100.0
2017-12-01,102.28,14637.7,6842949,1.66,100.1
2018-01-01,102.81,14692.6,4448283,1.66,100.2
2018-02-01,103.65,14624.2,4833860,1.65,100.4
2018-03-01,103.62,14571.3,4865006,1.65,100.5
2018-04-01,103.85,14522.8,5033825,1.65,100.6
2018-05-01,103.90,14516.4,4290317,1.65,100.6
2018-06-01,103.64,14546.4,5295291,1.65,100.5
2018-07-01,103.34,14635.7,6975897,1.65,100.6
2018-08-01,104.29,14703.7,4244820,1.65,100.7
2018-09-01,105.04,14728.8,3585511,1.65,100.9
2018-10-01,104.96,14689.5,3516177,1.68,101.5
2018-11-01,104.15,14688.0,5187897,1.71,102.1
2018-12-01,103.96,14852.7,5047837,1.91,102.6
2019-01-01,103.80,14872.7,3552547,1.87,102.9
2019-02-01,104.19,14831.2,4593642,1.87,103.0
2019-03-01,103.85,14822.8,4911563,1.90,103.1
2019-04-01,104.20,14846.4,3900806,1.86,103.1
2019-05-01,104.42,14861.0,3126135,1.84,103.3
2019-06-01,104.19,14866.3,3197949,1.80,103.7
2019-07-01,103.84,14919.7,3190741,1.68,104.0
2019-08-01,104.06,14986.9,3157155,1.49,104.8
2019-09-01,104.34,15164.1,3785213,1.54,105.8
2019-10-01,104.61,15287.0,4597541,1.46,107.1
2019-11-01,104.03,15415.0,3478660,1.52,108.4
2019-12-01,104.32,15496.3,4749904,1.53,109.6
2020-01-01,105.05,15492.8,2732217,1.47,111.0
2020-02-01,105.01,15594.9,3741499,1.42,112.2
2020-03-01,104.61,15518.0,3701165,1.23,113.7
2020-04-01,104.04,15700.1,3550142,1.10,114.7
2020-05-01,103.86,15704.7,3472225,1.02,115.2
2020-06-01,104.05,15762.9,3511037,0.79,117.7
2020-07-01,104.07,15894.0,4768495,0.79,118.7
2020-08-01,104.70,15927.6,3299859,0.68,119.6
2020-09-01,105.19,16124.0,4147499,0.63,121.0
2020-10-01,104.61,16311.6,4504672,0.63,122.0
2020-11-01,104.49,16423.5,3507700,0.66,123.2
2020-12-01,104.91,16589.2,5125668,0.66,125.0
2008-01-01,83.892,4893.3,2450110,5.81,6.2
2008-02-01,84.203,4959.5,1564646,5.28,6.4
2008-03-01,85.136,4952.0,2308361,5.25,6.5
2008-04-01,85.603,5002.7,4426592,5.38,6.7
2008-05-01,86.457,5131.3,2764751,5.36,7.0
2008-06-01,87.080,5186.7,2328210,5.36,7.3
2008-07-01,87.702,5276.2,3706873,5.52,7.2
2008-08-01,87.624,5282.9,2765946,5.77,7.3
2008-09-01,87.547,5299.7,2274792,5.79,77.2
2008-10-01,87.547,5413.1,2587747,6.03,77.1
2008-11-01,87.158,5435.1,3469658,5.62,76.9
2008-12-01,87.080,5475.3,7814324,4.68,76.5
2009-01-01,86.925,5393.0,904537,3.22,76.2
2009-02-01,87.779,5418.9,1174718,2.70,76.4
2009-03-01,88.169,5447.1,1772973,2.45,76.2
2009-04-01,88.324,5470.3,1806060,2.42,76.2
2009-05-01,88.324,5510.4,1763833,2.41,76.3
2009-06-01,88.246,5612.0,3287041,2.41,76.5
2009-07-01,88.712,5610.5,2303239,2.41,76.9
2009-08-01,89.023,5675.0,3154749,2.48,77.2
2009-09-01,88.946,5631.1,4872123,2.64,77.6
2009-10-01,88.712,5459.9,2400028,2.79,77.9
2009-11-01,88.946,5542.5,3766780,2.79,78.4
2009-12-01,89.023,5584.7,14711344.1,2.82,78.6
2010-01-01,89.943,5609.1,1450384,2.88,78.8
2010-02-01,90.125,5606.3,1758272,2.88,79.1
2010-03-01,90.673,5599.0,3176281,2.83,79.3
2010-04-01,90.946,5620.1,3964877,2.51,79.6
2010-05-01,91.038,5664.6,5002321,2.45,80.0
2010-06-01,90.946,5692.1,3094576,2.45,80.1
2010-07-01,91.129,5654.0,2727988,2.58,80.2
2010-08-01,91.585,5661.7,2097611,2.63,80.2
2010-09-01,92.223,5643.6,2476765,2.66,80.3
2010-10-01,92.223,5674.3,2750731,2.66,80.5
2010-11-01,91.859,5693.0,6687698,2.73,80.8
2010-12-01,92.132,5617.2,16276236,2.80,81.0
2011-01-01,93.136,5644.6,3516173,2.93,81.5
2011-02-01,93.683,5665.7,2368383,3.13,82.3
2011-03-01,94.230,5717.1,3526572,3.35,83.5
2011-04-01,94.230,5790.6,5247208,3.40,84.7
2011-05-01,94.595,5814.0,4133207,3.46,85.1
2011-06-01,94.686,5909.2,3853649,3.53,85.9
2011-07-01,95.234,5940.2,4020599,3.59,86.5
2011-08-01,95.599,6012.6,6326208,3.59,87.1
2011-09-01,95.507,6061.8,5643380,3.58,87.9
2011-10-01,95.599,6166.4,5462021,3.58,88.7
2011-11-01,95.872,6239.0,3654836,3.56,90.3
2011-12-01,96.055,6346.4,8804754,3.55,91.0
2012-01-01,96.410,6384.1,3552949,3.55,91.8
2012-02-01,96.602,6396.4,3401704,3.53,92.5
2012-03-01,96.675,6594.9,4283486,3.54,93.1
2012-04-01,96.675,6676.8,4751129,3.54,93.7
2012-05-01,96.867,6777.4,4961001,3.54,94.3
2012-06-01,96.794,6869.3,4680642,3.54,94.7
2012-07-01,96.593,6842.9,4472888,3.34,94.3
2012-08-01,97.049,6943.5,3963046,3.19,94.2
2012-09-01,97.542,6941.9,5290110,3.14,94.1
2012-10-01,97.432,6975.1,4601583,2.93,94.1
2012-11-01,97.076,7022.5,4104397,2.85,94.4
2012-12-01,97.140,7164.8,11192992,2.88,94.2
2013-01-01,98.162,7136.4,2945686,2.86,94.1
2013-02-01,98.372,7149.1,2404310,2.83,93.9
2013-03-01,98.372,7170.3,3926408,2.81,93.8
2013-04-01,98.198,7220.8,3521984,2.80,93.9
2013-05-01,98.189,7366.9,3685630,2.72,94.0
2013-06-01,98.116,7424.1,3767757,2.69,94.1
2013-07-01,98.281,7462.2,4715541,2.68,94.1
2013-08-01,98.700,7519.7,3621269,2.66,94.0
2013-09-01,98.855,7560.6,3915858,2.66,93.9
2013-10-01,98.445,7662.4,3928986,2.66,94.1
2013-11-01,98.408,7748.2,6972515,2.65,94.4
2013-12-01,98.399,7754.3,6831807,2.65,94.4
2014-01-01,99.056,7780.0,2615653,2.65,94.4
2014-02-01,99.348,7846.3,7070212,2.65,94.6
2014-03-01,99.366,7890.4,4403977,2.65,94.8
2014-04-01,99.539,8040.5,5017842,2.65,95.0
2014-05-01,99.649,8182.3,4995748,2.65,95.3
2014-06-01,99.658,8357.6,5540901,2.65,95.6
2014-07-01,99.758,8469.2,5253200,2.65,96.0
2014-08-01,99.904,8635.9,6067172,2.52,96.3
2014-09-01,99.904,8777.3,4789876,2.35,96.6
2014-10-01,99.594,8902.4,5164423,2.21,96.8
2014-11-01,99.485,9023.3,4076561,2.14,97.1
2014-12-01,99.257,9110.7,5939491,2.13,97.3
2015-01-01,99.85,9116.4,3482658,2.13,97.4
2015-02-01,99.78,9221.8,4388918,2.12,97.6
2015-03-01,99.84,9268.3,6189392,1.95,97.8
2015-04-01,99.88,9489.8,6009986,1.81,98.1
2015-05-01,100.09,9534.1,6392792,1.80,98.4
2015-06-01,100.15,9358.4,6675859,1.70,98.8
2015-07-01,100.13,9439.0,12304982,1.65,99.1
2015-08-01,100.36,9674.7,8276454,1.64,99.3
2015-09-01,100.04,9742.4,9303357,1.60,99.6
2015-10-01,99.95,9836.6,7816784,1.58,99.9
2015-11-01,99.77,9904.5,6514316,1.59,100.2
2015-12-01,100.15,10086.3,8164539,1.67,100.5
2016-01-01,100.47,10060.9,5190141,1.67,100.6
2016-02-01,100.77,10094.5,6008538,1.64,100.8
2016-03-01,100.48,10231.2,7298340,1.63,100.9
2016-04-01,100.65,10389.5,7413836,1.61,101.0
2016-05-01,100.74,10459.9,6155742,1.58,101.1
2016-06-01,100.68,10525.7,7978843,1.43,101.1
2016-07-01,100.59,10626.0,7073180,1.36,100.9
2016-08-01,100.90,10729.6,6241777,1.35,100.8
2016-09-01,101.50,10860.4,5074992,1.34,100.8
2016-10-01,101.88,10922.9,6391882,1.35,100.9
2016-11-01,101.58,10993.3,6705028,1.42,100.9
2016-12-01,101.64,11053.8,6888164,1.54,100.9
2017-01-01,102.60,11109.6,4748526,1.50,100.8
2017-02-01,102.93,11237.0,5527846,1.49,100.7
2017-03-01,102.83,11243.2,5437407,1.48,100.7
2017-04-01,102.83,11315.7,4788919,1.43,100.7
2017-05-01,102.93,11495.7,6892649,1.39,100.6
2017-06-01,102.68,11562.5,7178232,1.38,100.5
2017-07-01,102.67,11675.8,5428766,1.39,100.4
2017-08-01,103.09,11739.6,5198270,1.39,100.3
2017-09-01,103.39,11692.5,6614051,1.38,100.3
2017-10-01,103.23,11798.9,6441970,1.38,100.2
2017-11-01,102.43,11745.9,5155183,1.45,100.0
2017-12-01,102.73,11798.6,6842949,1.66,99.8
2018-01-01,103.13,11712.6,4448283,1.66,99.5
2018-02-01,103.90,11690.8,4833860,1.65,99.2
2018-03-01,103.62,11648.4,4865006,1.65,99.0
2018-04-01,104.09,11620.6,5033825,1.65,98.6
2018-05-01,104.01,11589.5,4290317,1.65,97.9
2018-06-01,103.73,11603.6,5295291,1.65,97.4
2018-07-01,103.43,11604.0,6975897,1.65,96.7
2018-08-01,104.24,11579.4,4244820,1.65,95.9
2018-09-01,104.90,11548.0,3585511,1.65,95.3
2018-10-01,104.74,11514.8,3516177,1.68,94.6
2018-11-01,103.81,11484.0,5187897,1.71,93.8
2018-12-01,103.45,11579.1,5047837,1.91,92.9
2019-01-01,103.37,11505.9,3552547,1.87,92.3
2019-02-01,103.51,11522.0,4593642,1.87,91.9
2019-03-01,103.38,11528.1,4911563,1.90,91.5
2019-04-01,103.74,11496.9,3900806,1.86,91.0
2019-05-01,103.74,11471.4,3126135,1.84,90.7
2019-06-01,103.52,11435.3,3197949,1.80,90.3
2019-07-01,103.25,11475.2,3190741,1.68,90.0
2019-08-01,103.46,11422.0,3157155,1.49,89.8
2019-09-01,103.89,11364.6,3785213,1.54,89.6
2019-10-01,104.09,11362.6,4597541,1.46,89.7
2019-11-01,103.42,11344.7,3478660,1.52,89.8
2019-12-01,103.68,11272.5,4749904,1.53,90.2
2020-01-01,104.48,11220.0,2732217,1.47,90.5
2020-02-01,104.49,11116.8,3741499,1.42,90.9
2020-03-01,104.12,11131.0,3701165,1.23,91.2
2020-04-01,103.48,11145.3,3550142,1.10,91.4
2020-05-01,103.28,11086.8,3472225,1.02,91.5
2020-06-01,103.17,11062.8,3511037,0.79,91.7
2020-07-01,103.37,11011.7,4768495,0.79,92.1
2020-08-01,103.94,11019.4,3299859,0.68,92.5
2020-09-01,104.47,11051.4,4147499,0.63,93.1
2020-10-01,103.98,11125.4,4504672,0.63,93.7
2020-11-01,103.86,11170.9,3507700,0.66,94.7
2020-12-01,104.09,11232.9,5125668,0.66,97.1